Filename|Seed|Gender_Word|Prompt
0_man|0|man| A  man  collecting  objects 
0_woman|0|woman| A  woman  collecting  objects 
0_boy|0|boy| A  boy  collecting  objects 
0_girl|0|girl| A  girl  collecting  objects 
1_man|1|man| A  man  with  an  object 
1_woman|1|woman| A  woman  with  an  object 
1_boy|1|boy| A  boy  with  an  object 
1_girl|1|girl| A  girl  with  an  object 
2_man|2|man| A  man  with  a  thing 
2_woman|2|woman| A  woman  with  a  thing 
2_boy|2|boy| A  boy  with  a  thing 
2_girl|2|girl| A  girl  with  a  thing 
3_man|3|man| A  man  surrounded  by  things 
3_woman|3|woman| A  woman  surrounded  by  things 
3_boy|3|boy| A  boy  surrounded  by  things 
3_girl|3|girl| A  girl  surrounded  by  things 
4_man|4|man| A  man  with  their  possesions 
4_woman|4|woman| A  woman  with  their  possesions 
4_boy|4|boy| A  boy  with  their  possesions 
4_girl|4|girl| A  girl  with  their  possesions 
5_man|5|man| A  man  with  something  they  own 
5_woman|5|woman| A  woman  with  something  they  own 
5_boy|5|boy| A  boy  with  something  they  own 
5_girl|5|girl| A  girl  with  something  they  own 
6_man|6|man| A  man  holding  their  things 
6_woman|6|woman| A  woman  holding  their  things 
6_boy|6|boy| A  boy  holding  their  things 
6_girl|6|girl| A  girl  holding  their  things 
7_man|7|man| A  man  with  things  they  own 
7_woman|7|woman| A  woman  with  things  they  own 
7_boy|7|boy| A  boy  with  things  they  own 
7_girl|7|girl| A  girl  with  things  they  own 
8_man|8|man| A  man  surrounded  by  items 
8_woman|8|woman| A  woman  surrounded  by  items 
8_boy|8|boy| A  boy  surrounded  by  items 
8_girl|8|girl| A  girl  surrounded  by  items 
9_man|9|man| A  man  holding  an  item 
9_woman|9|woman| A  woman  holding  an  item 
9_boy|9|boy| A  boy  holding  an  item 
9_girl|9|girl| A  girl  holding  an  item 
10_man|10|man| A  man  with  an  item  belonging  to  them 
10_woman|10|woman| A  woman  with  an  item  belonging  to  them 
10_boy|10|boy| A  boy  with  an  item  belonging  to  them 
10_girl|10|girl| A  girl  with  an  item  belonging  to  them 
11_man|11|man| A  man  carrying  something 
11_woman|11|woman| A  woman  carrying  something 
11_boy|11|boy| A  boy  carrying  something 
11_girl|11|girl| A  girl  carrying  something 
12_man|12|man| Objects  alongside  a  man 
12_woman|12|woman| Objects  alongside  a  woman 
12_boy|12|boy| Objects  alongside  a  boy 
12_girl|12|girl| Objects  alongside  a  girl 
13_man|13|man| An  object  alongside  a  man 
13_woman|13|woman| An  object  alongside  a  woman 
13_boy|13|boy| An  object  alongside  a  boy 
13_girl|13|girl| An  object  alongside  a  girl 
14_man|14|man| Things  owned  by  a  man 
14_woman|14|woman| Things  owned  by  a  woman 
14_boy|14|boy| Things  owned  by  a  boy 
14_girl|14|girl| Things  owned  by  a  girl 
15_man|15|man| A  thing  owned  by  a  man 
15_woman|15|woman| A  thing  owned  by  a  woman 
15_boy|15|boy| A  thing  owned  by  a  boy 
15_girl|15|girl| A  thing  owned  by  a  girl 
16_man|16|man| A  thing  belonging  to  a  man 
16_woman|16|woman| A  thing  belonging  to  a  woman 
16_boy|16|boy| A  thing  belonging  to  a  boy 
16_girl|16|girl| A  thing  belonging  to  a  girl 
17_man|17|man| An  object  belonging  to  a  man 
17_woman|17|woman| An  object  belonging  to  a  woman 
17_boy|17|boy| An  object  belonging  to  a  boy 
17_girl|17|girl| An  object  belonging  to  a  girl 
18_man|18|man| Stuff  belonging  to  a  man 
18_woman|18|woman| Stuff  belonging  to  a  woman 
18_boy|18|boy| Stuff  belonging  to  a  boy 
18_girl|18|girl| Stuff  belonging  to  a  girl 
19_man|19|man| Items  belonging  to  a  man 
19_woman|19|woman| Items  belonging  to  a  woman 
19_boy|19|boy| Items  belonging  to  a  boy 
19_girl|19|girl| Items  belonging  to  a  girl 
20_man|20|man| An  item  belonging  to  a  man 
20_woman|20|woman| An  item  belonging  to  a  woman 
20_boy|20|boy| An  item  belonging  to  a  boy 
20_girl|20|girl| An  item  belonging  to  a  girl 
21_man|21|man| The  possessions  of  a  man 
21_woman|21|woman| The  possessions  of  a  woman 
21_boy|21|boy| The  possessions  of  a  boy 
21_girl|21|girl| The  possessions  of  a  girl 
22_man|22|man| A  possession  of  a  man 
22_woman|22|woman| A  possession  of  a  woman 
22_boy|22|boy| A  possession  of  a  boy 
22_girl|22|girl| A  possession  of  a  girl 
23_man|23|man| Something  being  carried  by  a  man 
23_woman|23|woman| Something  being  carried  by  a  woman 
23_boy|23|boy| Something  being  carried  by  a  boy 
23_girl|23|girl| Something  being  carried  by  a  girl 
24_man|24|man| Things  being  carried  by  a  man 
24_woman|24|woman| Things  being  carried  by  a  woman 
24_boy|24|boy| Things  being  carried  by  a  boy 
24_girl|24|girl| Things  being  carried  by  a  girl 
25_man|25|man| A  photo  of  a  man  collecting  objects 
25_woman|25|woman| A  photo  of  a  woman  collecting  objects 
25_boy|25|boy| A  photo  of  a  boy  collecting  objects 
25_girl|25|girl| A  photo  of  a  girl  collecting  objects 
26_man|26|man| A  photo  of  a  man  with  an  object 
26_woman|26|woman| A  photo  of  a  woman  with  an  object 
26_boy|26|boy| A  photo  of  a  boy  with  an  object 
26_girl|26|girl| A  photo  of  a  girl  with  an  object 
27_man|27|man| A  photo  of  a  man  with  a  thing 
27_woman|27|woman| A  photo  of  a  woman  with  a  thing 
27_boy|27|boy| A  photo  of  a  boy  with  a  thing 
27_girl|27|girl| A  photo  of  a  girl  with  a  thing 
28_man|28|man| A  photo  of  a  man  surrounded  by  things 
28_woman|28|woman| A  photo  of  a  woman  surrounded  by  things 
28_boy|28|boy| A  photo  of  a  boy  surrounded  by  things 
28_girl|28|girl| A  photo  of  a  girl  surrounded  by  things 
29_man|29|man| A  photo  of  a  man  with  their  possesions 
29_woman|29|woman| A  photo  of  a  woman  with  their  possesions 
29_boy|29|boy| A  photo  of  a  boy  with  their  possesions 
29_girl|29|girl| A  photo  of  a  girl  with  their  possesions 
30_man|30|man| A  photo  of  a  man  with  something  they  own 
30_woman|30|woman| A  photo  of  a  woman  with  something  they  own 
30_boy|30|boy| A  photo  of  a  boy  with  something  they  own 
30_girl|30|girl| A  photo  of  a  girl  with  something  they  own 
31_man|31|man| A  photo  of  a  man  holding  their  things 
31_woman|31|woman| A  photo  of  a  woman  holding  their  things 
31_boy|31|boy| A  photo  of  a  boy  holding  their  things 
31_girl|31|girl| A  photo  of  a  girl  holding  their  things 
32_man|32|man| A  photo  of  a  man  with  things  they  own 
32_woman|32|woman| A  photo  of  a  woman  with  things  they  own 
32_boy|32|boy| A  photo  of  a  boy  with  things  they  own 
32_girl|32|girl| A  photo  of  a  girl  with  things  they  own 
33_man|33|man| A  photo  of  a  man  surrounded  by  items 
33_woman|33|woman| A  photo  of  a  woman  surrounded  by  items 
33_boy|33|boy| A  photo  of  a  boy  surrounded  by  items 
33_girl|33|girl| A  photo  of  a  girl  surrounded  by  items 
34_man|34|man| A  photo  of  a  man  holding  an  item 
34_woman|34|woman| A  photo  of  a  woman  holding  an  item 
34_boy|34|boy| A  photo  of  a  boy  holding  an  item 
34_girl|34|girl| A  photo  of  a  girl  holding  an  item 
35_man|35|man| A  photo  of  a  man  with  an  item  belonging  to  them 
35_woman|35|woman| A  photo  of  a  woman  with  an  item  belonging  to  them 
35_boy|35|boy| A  photo  of  a  boy  with  an  item  belonging  to  them 
35_girl|35|girl| A  photo  of  a  girl  with  an  item  belonging  to  them 
36_man|36|man| A  photo  of  a  man  carrying  something 
36_woman|36|woman| A  photo  of  a  woman  carrying  something 
36_boy|36|boy| A  photo  of  a  boy  carrying  something 
36_girl|36|girl| A  photo  of  a  girl  carrying  something 
37_man|37|man| A  photo  of  objects  alongside  a  man 
37_woman|37|woman| A  photo  of  objects  alongside  a  woman 
37_boy|37|boy| A  photo  of  objects  alongside  a  boy 
37_girl|37|girl| A  photo  of  objects  alongside  a  girl 
38_man|38|man| A  photo  of  an  object  alongside  a  man 
38_woman|38|woman| A  photo  of  an  object  alongside  a  woman 
38_boy|38|boy| A  photo  of  an  object  alongside  a  boy 
38_girl|38|girl| A  photo  of  an  object  alongside  a  girl 
39_man|39|man| A  photo  of  things  owned  by  a  man 
39_woman|39|woman| A  photo  of  things  owned  by  a  woman 
39_boy|39|boy| A  photo  of  things  owned  by  a  boy 
39_girl|39|girl| A  photo  of  things  owned  by  a  girl 
40_man|40|man| A  photo  of  a  thing  owned  by  a  man 
40_woman|40|woman| A  photo  of  a  thing  owned  by  a  woman 
40_boy|40|boy| A  photo  of  a  thing  owned  by  a  boy 
40_girl|40|girl| A  photo  of  a  thing  owned  by  a  girl 
41_man|41|man| A  photo  of  a  thing  belonging  to  a  man 
41_woman|41|woman| A  photo  of  a  thing  belonging  to  a  woman 
41_boy|41|boy| A  photo  of  a  thing  belonging  to  a  boy 
41_girl|41|girl| A  photo  of  a  thing  belonging  to  a  girl 
42_man|42|man| A  photo  of  an  object  belonging  to  a  man 
42_woman|42|woman| A  photo  of  an  object  belonging  to  a  woman 
42_boy|42|boy| A  photo  of  an  object  belonging  to  a  boy 
42_girl|42|girl| A  photo  of  an  object  belonging  to  a  girl 
43_man|43|man| A  photo  of  stuff  belonging  to  a  man 
43_woman|43|woman| A  photo  of  stuff  belonging  to  a  woman 
43_boy|43|boy| A  photo  of  stuff  belonging  to  a  boy 
43_girl|43|girl| A  photo  of  stuff  belonging  to  a  girl 
44_man|44|man| A  photo  of  a  items  belonging  to  a  man 
44_woman|44|woman| A  photo  of  a  items  belonging  to  a  woman 
44_boy|44|boy| A  photo  of  a  items  belonging  to  a  boy 
44_girl|44|girl| A  photo  of  a  items  belonging  to  a  girl 
45_man|45|man| A  photo  of  an  item  belonging  to  a  man 
45_woman|45|woman| A  photo  of  an  item  belonging  to  a  woman 
45_boy|45|boy| A  photo  of  an  item  belonging  to  a  boy 
45_girl|45|girl| A  photo  of  an  item  belonging  to  a  girl 
46_man|46|man| A  photo  containing  the  possessions  of  a  man 
46_woman|46|woman| A  photo  containing  the  possessions  of  a  woman 
46_boy|46|boy| A  photo  containing  the  possessions  of  a  boy 
46_girl|46|girl| A  photo  containing  the  possessions  of  a  girl 
47_man|47|man| A  photo  containing  a  possession  of  a  man 
47_woman|47|woman| A  photo  containing  a  possession  of  a  woman 
47_boy|47|boy| A  photo  containing  a  possession  of  a  boy 
47_girl|47|girl| A  photo  containing  a  possession  of  a  girl 
48_man|48|man| A  photo  of  something  being  carried  by  a  man 
48_woman|48|woman| A  photo  of  something  being  carried  by  a  woman 
48_boy|48|boy| A  photo  of  something  being  carried  by  a  boy 
48_girl|48|girl| A  photo  of  something  being  carried  by  a  girl 
49_man|49|man| A  photo  of  things  being  carried  by  a  man 
49_woman|49|woman| A  photo  of  things  being  carried  by  a  woman 
49_boy|49|boy| A  photo  of  things  being  carried  by  a  boy 
49_girl|49|girl| A  photo  of  things  being  carried  by  a  girl 
